MLP_l2_reg,nb_neurons,steps,score
0.00941,10,200,0.673802998752
